url,image_url,width,height,aspect_ratio,status
https://www.nutriclub.co.id/artikel/imunitas/1-tahun/apakah-si-kecil-memiliki-risiko-alergi,https://www.nutriclub.co.id/_default_upload_bucket/image-thumb__2492__banner-detail-desktop/resize_desktop%20Apakah%20Si%20Kecil%20Memiliki%20Risiko%20Alergi.webp,701,279,2.51,OK
https://www.nutriclub.co.id/artikel/imunitas/0-3-bulan/gejala-awal-alergi-susu-sapi,https://www.nutriclub.co.id/articles/image/image-thumb__893__banner-detail-desktop/identifikasi-gejala-awal-alergi-susu-sapi-pada-bayi_large.webp,700,278,2.52,OK
https://www.nutriclub.co.id/artikel/imunitas/1-tahun/hal-hal-yang-perlu-ibu-ketahui-tentang-alergi-pada-si-kecil,https://www.nutriclub.co.id/articles/image/image-thumb__890__banner-detail-desktop/hal-hal-yang-perlu-ibu-ketahui-tentang-alergi-pada-si-kecil_large.webp,700,278,2.52,OK
https://www.nutriclub.co.id/artikel/imunitas/4-6-bulan/makanan-pencetus-alergi,https://www.nutriclub.co.id/articles/image/image-thumb__3550__banner-detail-desktop/Benarkah-Memperkenalkan-Makanan-Pencetus-Alergi-Bisa-Mencegah-si-Kecil-Mengalami-Alergi-large.webp,1349,370,3.65,OK
https://www.nutriclub.co.id/artikel/kesehatan/1-tahun/mengenal-susu-formula-terhidrolisis,https://www.nutriclub.co.id/articles/image/image-thumb__911__banner-detail-desktop/mengenal-susu-formula-terhidrolisis-dan-manfaatnya-bagi-bayi_large.webp,700,278,2.52,OK
https://www.nutriclub.co.id/artikel/imunitas/1-tahun/pentingnya-mengetahui-risiko-alergi-si-kecil-sejak-dini,https://www.nutriclub.co.id/articles/image/image-thumb__3548__banner-detail-desktop/Pentingnya-Mengetahui-Risiko-Alergi-si-Kecil-Sejak-Dini-large.webp,1349,370,3.65,OK
https://www.nutriclub.co.id/artikel/imunitas/0-3-bulan/tips-mencegah-dan-mengurangi-risiko-alergi-pada-si-kecil,https://www.nutriclub.co.id/articles/image/image-thumb__840__banner-detail-desktop/tips-mencegah-dan-mengurangi-risiko-alergi-pada-si-kecil_large.webp,700,278,2.52,OK
https://www.nutriclub.co.id/artikel/imunitas/1-tahun/aktivitas-fisik-pelengkap-diet-sehat-untuk-mencegah-alergi,https://www.nutriclub.co.id/articles/image/image-thumb__1653__banner-detail-desktop/aktivitas-fisik-pelengkap-diet-sehat-untuk-mencegah-alergi_large.webp,700,278,2.52,OK
https://www.nutriclub.co.id/artikel/imunitas/1-tahun/alergi-dan-dampak-psikologisnya-pada-anak,https://www.nutriclub.co.id/articles/image/image-thumb__1659__banner-detail-desktop/alergi-dan-dampak-psikologisnya-pada-anak_large.webp,700,278,2.52,OK
https://www.nutriclub.co.id/artikel/imunitas/1-tahun/alergi-makanan-pada-balita-memperkenalkan-makanan-baru-untuk-diet-alergi,https://www.nutriclub.co.id/_default_upload_bucket/image-thumb__489004__banner-detail-desktop/alergi-makanan-pada-balita-memperkenalkan-makanan-baru-untuk-diet-alergi-NUTRICLUB-DESKTOP.webp,900,370,2.43,OK
https://www.nutriclub.co.id/artikel/imunitas/1-tahun/alergi-pada-kulit-anak,https://www.nutriclub.co.id/articles/image/image-thumb__1641__banner-detail-desktop/alergi-pada-kulit-anak_large.webp,700,278,2.52,OK
https://www.nutriclub.co.id/artikel/imunitas/1-tahun/anak-saya-batuk-saat-dingin-apakah-alergi,https://www.nutriclub.co.id/_default_upload_bucket/image-thumb__490439__banner-detail-desktop/anak-saya-batuk-saat-dingin-apakah-alergi-nutriclub-desktop.webp,900,370,2.43,OK
https://www.nutriclub.co.id/artikel/imunitas/1-tahun/batuk-alergi,https://www.nutriclub.co.id/_default_upload_bucket/image-thumb__253766__banner-detail-desktop/batuk-alergi-pada-anak-penyebab-dan-cara-mengatasinya-nutriclub.webp,1400,320,4.38,OK
https://www.nutriclub.co.id/artikel/imunitas/0-3-bulan/benarkah-allergic-march-dipengaruhi-alergi-makanan,https://www.nutriclub.co.id/articles/image/image-thumb__1662__banner-detail-desktop/benarkah-allergic-march-dipengaruhi-alergi-makanan_large.webp,700,278,2.52,OK
https://www.nutriclub.co.id/artikel/imunitas/1-tahun/diagnosis-alergi-pada-balita,https://www.nutriclub.co.id/articles/image/image-thumb__1584__banner-detail-desktop/diagnosis-alergi-pada-balita_large.webp,700,278,2.52,OK
https://www.nutriclub.co.id/artikel/imunitas/1-tahun/diet-sehat-dan-seimbang-untuk-mencegah-alergi-pada-balita,https://www.nutriclub.co.id/articles/image/image-thumb__1683__banner-detail-desktop/diet-sehat-dan-seimbang-untuk-mencegah-alergi-pada-balita_large.webp,700,278,2.52,OK
https://www.nutriclub.co.id/artikel/imunitas/1-tahun/fakta-tentang-alergi,https://www.nutriclub.co.id/articles/image/image-thumb__1560__banner-detail-desktop/fakta-tentang-alergi_large.webp,700,278,2.52,OK
https://www.nutriclub.co.id/artikel/imunitas/1-tahun/gangguan-alergi-terhadap-kecerdasan-anak,https://www.nutriclub.co.id/articles/image/image-thumb__1668__banner-detail-desktop/gangguan-alergi-terhadap-kecerdasan-anak_large.webp,700,278,2.52,OK
https://www.nutriclub.co.id/artikel/imunitas/1-tahun/gangguan-saluran-cerna-akibat-alergi-pada-balita,https://www.nutriclub.co.id/articles/image/image-thumb__1671__banner-detail-desktop/gangguan-saluran-cerna-akibat-alergi-pada-balita_large.webp,700,278,2.52,OK
https://www.nutriclub.co.id/artikel/imunitas/1-tahun/gangguan-tidur-pada-balita-alergi-dan-cara-mengatasinya,https://www.nutriclub.co.id/articles/image/image-thumb__1674__banner-detail-desktop/gangguan-tidur-pada-balita-alergi-dan-cara-mengatasinya_large.webp,700,278,2.52,OK
https://www.nutriclub.co.id/artikel/imunitas/1-tahun/informasi-lengkap-seputar-alergi-susu-sapi,https://www.nutriclub.co.id/articles/image/image-thumb__1587__banner-detail-desktop/informasi-lengkap-seputar-alergi-susu-sapi_large.webp,700,278,2.52,OK
https://www.nutriclub.co.id/artikel/imunitas/0-3-bulan/ini-yang-harus-dilakukan-jika-anak-alergi-susu-sapi,https://www.nutriclub.co.id/_default_upload_bucket/image-thumb__424339__banner-detail-desktop/Alergi-Susu-Sapi-pada-Bayi-Penyebab-Ciri-dan-Perawatannya-nutriclub-desktop.webp,800,329,2.43,OK
https://www.nutriclub.co.id/artikel/imunitas/1-tahun/kenali-makanan-penyebab-alergi-pada-anak,https://www.nutriclub.co.id/articles/image/image-thumb__1396__banner-detail-desktop/kenali-makanan-penyebab-alergi-pada-anak_large.webp,700,278,2.52,OK
https://www.nutriclub.co.id/artikel/imunitas/1-tahun/mengenali-proses-terjadinya-alergi-pada-balita,https://www.nutriclub.co.id/_default_upload_bucket/image-thumb__446897__banner-detail-desktop/mengenali-proses-terjadinya-alergi-pada-balita-nutriclub-dektop.webp,900,370,2.43,OK
https://www.nutriclub.co.id/artikel/imunitas/1-tahun/kebutuhan-nutrisi-untuk-anak-dengan-gejala-alergi-berat,https://www.nutriclub.co.id/articles/image/image-thumb__1319__banner-detail-desktop/kebutuhan-nutrisi-untuk-anak-dengan-gejala-alergi-berat_large.webp,700,278,2.52,OK
https://www.nutriclub.co.id/artikel/imunitas/1-tahun/penyebab-alergi-pada-balita,https://www.nutriclub.co.id/_default_upload_bucket/image-thumb__488948__banner-detail-desktop/penyebab-alergi-pada-balita-NUTRICLUB-DESKTOP.webp,900,370,2.43,OK
https://www.nutriclub.co.id/artikel/imunitas/1-tahun/perbedaan-alergi-makanan-dan-intoleransi-makanan,https://www.nutriclub.co.id/articles/image/image-thumb__1686__banner-detail-desktop/perbedaan-alergi-makanan-dan-intoleransi-makanan_large.webp,700,278,2.52,OK
https://www.nutriclub.co.id/artikel/imunitas/1-tahun/perlukah-tes-alergi-pada-anak,https://www.nutriclub.co.id/articles/image/image-thumb__1689__banner-detail-desktop/perlukah-tes-alergi-pada-anak_large.webp,700,278,2.52,OK
https://www.nutriclub.co.id/artikel/imunitas/1-tahun/pilek-akibat-alergi,https://www.nutriclub.co.id/articles/image/image-thumb__1647__banner-detail-desktop/pilek-akibat-alergi_large.webp,700,278,2.52,OK
https://www.nutriclub.co.id/artikel/imunitas/1-tahun/rhinitis-jenis-pilek-karena-alergi-pada-anak,https://www.nutriclub.co.id/articles/image/image-thumb__1698__banner-detail-desktop/rhinitis-jenis-pilek-karena-alergi-pada-anak_large.webp,700,278,2.52,OK
https://www.nutriclub.co.id/artikel/imunitas/1-tahun/riwayat-alergi-pada-orang-tua-bisa-diturunkan-ke-anak,https://www.nutriclub.co.id/_default_upload_bucket/image-thumb__2295__banner-detail-desktop/resize_desktop-riwayat-alergi-pada-orang-tua-bisa-diturunkan-ke-anak.webp,700,279,2.51,OK
https://www.nutriclub.co.id/artikel/imunitas/1-tahun/ruam-akibat-alergi,https://www.nutriclub.co.id/_default_upload_bucket/image-thumb__462392__banner-detail-desktop/ruam-akibat-alergi-nutriclub-desktop.webp,900,370,2.43,OK
https://www.nutriclub.co.id/artikel/imunitas/1-tahun/seluk-beluk-alergi-pada-balita,https://www.nutriclub.co.id/articles/image/image-thumb__1578__banner-detail-desktop/seluk-beluk-alergi-pada-balita_large.webp,700,278,2.52,OK
https://www.nutriclub.co.id/artikel/imunitas/1-tahun/serba-serbi-alergi-susu-sapi,https://www.nutriclub.co.id/articles/image/image-thumb__1704__banner-detail-desktop/serba-serbi-alergi-susu-sapi_large.webp,700,278,2.52,OK
https://www.nutriclub.co.id/artikel/kesehatan/1-tahun/tip-dan-cara-kenalkan-formula-asam-amino-bagi-anak-yang-alergi-susu-sapi,https://www.nutriclub.co.id/articles/image/image-thumb__1716__banner-detail-desktop/tip-dan-cara-kenalkan-formula-asam-amino-bagi-anak-yang-alergi-susu-sapi_large.webp,700,278,2.52,OK
https://www.nutriclub.co.id/artikel/imunitas/1-tahun/tips-untuk-menghindari-munculnya-alergi-pada-si-kecil,https://www.nutriclub.co.id/articles/image/image-thumb__1677__banner-detail-desktop/penyebab-alergi-di-rumah_large.webp,700,278,2.52,OK
https://www.nutriclub.co.id/artikel/imunitas/1-tahun/cara-mencegah-alergi-makanan-pada-anak,https://www.nutriclub.co.id/articles/alergi/balita/image-thumb__4850__banner-detail-desktop/Cara%20Mencegah%20Alergi%20Makanan%20pada%20Anak%20Tidak%20Muncul%20dan%20Kambuh.webp,700,278,2.52,OK
https://www.nutriclub.co.id/artikel/imunitas/1-tahun/cara-mengatasi-alergi-susu-sapi-pada-anak,https://www.nutriclub.co.id/articles/alergi/balita/image-thumb__4847__banner-detail-desktop/Mengatasi%20Alergi%20Susu%20Sapi%20pada%20Anak%20usia%20di%20atas%201%20tahun.webp,700,278,2.52,OK
https://www.nutriclub.co.id/artikel/imunitas/1-tahun/macam-macam-alergi-pada-anak,https://www.nutriclub.co.id/_default_upload_bucket/image-thumb__488743__banner-detail-desktop/macam-macam-alergi-pada-anak-NUTRICLUB-DESKTOP.webp,900,370,2.43,OK
https://www.nutriclub.co.id/artikel/kesehatan/1-tahun/alternatif-susu-si-kecil-yang-alergi,https://www.nutriclub.co.id/_default_upload_bucket/image-thumb__7145__banner-detail-desktop/10.%20Desktop%20Size.webp,1400,320,4.38,OK
https://www.nutriclub.co.id/artikel/imunitas/1-tahun/cegah-alergi-si-kecil-dengan-menjaga-keseimbangan-mikrobiota-usus,https://www.nutriclub.co.id/articles/image/image-thumb__3522__banner-detail-desktop/Cegah-Alergi-Si-Kecil-dengan-Menjaga-Keseimbangan-Mikrobiota-Usus-Large.pjpeg,1349,370,3.65,OK
https://www.nutriclub.co.id/artikel/imunitas/1-tahun/nutrisi-tepat-untuk-menurunkan-resiko-anak-alergi,https://www.nutriclub.co.id/_default_upload_bucket/image-thumb__2300__banner-detail-desktop/resize_desktop-nutrisi-tepat-untuk-menurunkan-resiko-alergi-si-kecil.webp,500,199,2.51,OK
https://www.nutriclub.co.id/artikel/imunitas/0-3-bulan/kenali-faktor-yang-dapat-meningkatkan-risiko-alergi-pada-anak,https://www.nutriclub.co.id/_default_upload_bucket/image-thumb__2303__banner-detail-desktop/resize_desktop-kenali-faktor-yang-dapat-meningkatkan-risiko-alergi-pada-si-kecil.webp,500,199,2.51,OK
https://www.nutriclub.co.id/artikel/kesehatan/1-tahun/manfaat-penambahan-sinbiotik-di-dalam-susu-si-kecil,https://www.nutriclub.co.id/_default_upload_bucket/image-thumb__476667__banner-detail-desktop/manfaat-penambahan-sinbiotik-di-dalam-susu-si-kecil_-nutriclub-desktop.webp,900,225,4.0,OK
https://www.nutriclub.co.id/artikel/kesehatan/1-tahun/nutrisi-tepat-untuk-si-kecil-dengan-alergi-susu-sapi,https://www.nutriclub.co.id/articles/image/image-thumb__726__banner-detail-desktop/nutrisi-tepat-untuk-si-kecil-dengan-alergi-susu-sapi_large.webp,700,278,2.52,OK
https://www.nutriclub.co.id/artikel/imunitas/7-9-bulan/nutrisi-untuk-mengurangi-risiko-alergi-pada-balita,https://www.nutriclub.co.id/articles/image/image-thumb__1602__banner-detail-desktop/nutrisi-untuk-mengurangi-risiko-alergi-pada-balita_large.webp,700,278,2.52,OK
https://www.nutriclub.co.id/artikel/imunitas/1-tahun/panduan-awal-seputar-alergi-susu-sapi,https://www.nutriclub.co.id/articles/image/image-thumb__729__banner-detail-desktop/panduan-awal-seputar-alergi-susu-sapi_large.webp,700,278,2.52,OK
https://www.nutriclub.co.id/artikel/kesehatan/1-tahun/pengganti-susu-sapi-untuk-anak-alergi,https://www.nutriclub.co.id/articles/nutrisi/artikel-balita/image-thumb__4846__banner-detail-desktop/Alternatif%20Pengganti%20Susu%20Sapi%20untuk%20Anak%20Alergi%20berusia%20di%20atas%201%20tahun.webp,700,278,2.52,OK
https://www.nutriclub.co.id/artikel/kesehatan/4-6-bulan/susu-formula-anti-alergi,https://www.nutriclub.co.id/articles/alergi/balita/image-thumb__6123__banner-detail-desktop/susu%20formula%20anti%20alergi-desktop.webp,1349,370,3.65,OK
https://www.nutriclub.co.id/artikel/kesehatan/1-tahun/susu-protein-terhidrolisa-parsial,https://www.nutriclub.co.id/articles/image/image-thumb__3546__banner-detail-desktop/Mengenal-Lebih-Dalam-Tentang-Susu-dengan-Protein-Terhidrolisa-Parsial-large.webp,1349,370,3.65,OK
https://www.nutriclub.co.id/artikel/imunitas/1-tahun/alergi-dan-makanan-yang-harus-dihindari-si-kecil,https://www.nutriclub.co.id/articles/image/image-thumb__816__banner-detail-desktop/alergi-dan-makanan-yang-harus-dihindari-si-kecil_large.webp,700,278,2.52,OK
https://www.nutriclub.co.id/artikel/imunitas/1-tahun/alergi-susu-sapi-periksa-ke-dokter,https://www.nutriclub.co.id/articles/image/image-thumb__846__banner-detail-desktop/alergi-susu-sapi-kenali-gejala-awal-dan-persiapan-periksa-ke-dokter_large.webp,700,278,2.52,OK
https://www.nutriclub.co.id/artikel/imunitas/1-tahun/cegah-terjadinya-alergi-pada-si-kecil,https://www.nutriclub.co.id/articles/image/image-thumb__804__banner-detail-desktop/cegah-terjadinya-alergi-pada-si-kecil_large.webp,700,278,2.52,OK
https://www.nutriclub.co.id/artikel/imunitas/4-6-bulan/manajemen-alergi-pada-si-kecil,https://www.nutriclub.co.id/articles/image/image-thumb__843__banner-detail-desktop/manajemen-alergi-pada-si-kecil-dengan-sistem-pelabelan-makanan_large.webp,700,278,2.52,OK
https://www.nutriclub.co.id/artikel/imunitas/1-tahun/mengenal-alergi-asi-pada-si-kecil,https://www.nutriclub.co.id/_default_upload_bucket/image-thumb__448896__banner-detail-desktop/Alergi%20ASI-%20Nutriclub%20-%20desktop.webp,900,370,2.43,OK
https://www.nutriclub.co.id/artikel/imunitas/1-tahun/perbedaan-alergi-susu-sapi-dan-intoleransi-laktosa,https://www.nutriclub.co.id/articles/image/image-thumb__875__banner-detail-desktop/kenali-perbedaan-alergi-susu-sapi-dan-intoleransi-laktosa_large.webp,700,278,2.52,OK
https://www.nutriclub.co.id/artikel/imunitas/0-3-bulan/lebih-efektif-mencegah-alergi-makanan-dengan-konsumsi-dini-atau-menghindari,https://www.nutriclub.co.id/articles/image/image-thumb__887__banner-detail-desktop/lebih-efektif-mencegah-alergi-makanan-dengan-konsumsi-dini-atau-menghindari_large.webp,700,278,2.52,OK
https://www.nutriclub.co.id/artikel/imunitas/0-3-bulan/kenali-faktor-penyebab-alergi-pada-si-kecil,https://www.nutriclub.co.id/articles/image/image-thumb__884__banner-detail-desktop/kenali-faktor-penyebab-alergi-pada-si-kecil_large.webp,700,278,2.52,OK
https://www.nutriclub.co.id/artikel/imunitas/1-tahun/si-kecil-memiliki-risiko-alergi,https://www.nutriclub.co.id/_default_upload_bucket/image-thumb__2298__banner-detail-desktop/resize_desktop-si-kecil-memiliki-risiko-alergi-ini-yang-perlu-orang-tua-lakukan.webp,500,199,2.51,OK
https://www.nutriclub.co.id/artikel/imunitas/0-3-bulan/5-reaksi-pertanda-munculnya-gejala-alergi-pada-si-kecil,https://www.nutriclub.co.id/articles/image/image-thumb__1402__banner-detail-desktop/5-reaksi-pertanda-munculnya-gejala-alergi-pada-si-kecil_large.webp,700,278,2.52,OK
https://www.nutriclub.co.id/artikel/imunitas/0-3-bulan/alergi-mungkin-terbawa-seiring-kehidupan-si-kecil-sehingga-perlu-dicegah-sedini-mungkin,https://www.nutriclub.co.id/articles/image/image-thumb__896__banner-detail-desktop/mengenal-allergic-march-pada-bayi_large.webp,700,278,2.52,OK
https://www.nutriclub.co.id/artikel/imunitas/0-3-bulan/cara-menjaga-kesehatan-mama-dan-si-kecil-dari-alergi,https://www.nutriclub.co.id/articles/image/image-thumb__3552__banner-detail-desktop/Begini-Cara-Menjaga-Kesehatan-Mama-dan-Si-Kecil-dari-Alergi-large.webp,1349,370,3.65,OK
https://www.nutriclub.co.id/artikel/imunitas/0-3-bulan/mengenal-allergic-march-pada-bayi,https://www.nutriclub.co.id/_default_upload_bucket/image-thumb__490472__banner-detail-desktop/mengenal-allergic-march-pada-bayi-nutriclub-desktop.webp,900,370,2.43,OK
https://www.nutriclub.co.id/artikel/kesehatan/0-3-bulan/mengenal-formula-susu-soya-untuk-bayi,https://www.nutriclub.co.id/articles/image/image-thumb__905__banner-detail-desktop/mengenal-formula-susu-soya-untuk-bayi_large.webp,700,278,2.52,OK
https://www.nutriclub.co.id/artikel/imunitas/0-3-bulan/penyakit-alergi-pada-awal-kehidupan-bayi,https://www.nutriclub.co.id/articles/image/image-thumb__908__banner-detail-desktop/penyakit-alergi-pada-awal-kehidupan-bayi_large.webp,700,278,2.52,OK
https://www.nutriclub.co.id/artikel/kesehatan/7-9-bulan/keunggulan-formula-asam-amino-untuk-bayi-alergi-susu-sapi,https://www.nutriclub.co.id/articles/image/image-thumb__1713__banner-detail-desktop/keunggulan-formula-asam-amino-untuk-bayi-alergi-susu-sapi_large.webp,700,278,2.52,OK
https://www.nutriclub.co.id/artikel/imunitas/0-3-bulan/cara-mengobati-alergi-pada-bayi,https://www.nutriclub.co.id/articles/alergi/bayi/image-thumb__6159__banner-detail-desktop/cara%20mengobati%20alergi%20pada%20bayi-desktop.webp,1349,370,3.65,OK
https://www.nutriclub.co.id/artikel/kesehatan/7-9-bulan/kenali-intoleransi-laktosa-pada-bayi,https://www.nutriclub.co.id/articles/image/image-thumb__735__banner-detail-desktop/kenali-intoleransi-laktosa-pada-bayi_large.webp,700,278,2.52,OK
https://www.nutriclub.co.id/artikel/imunitas/4-6-bulan/panduan-mpasi-untuk-cegah-alergi-si-kecil,https://www.nutriclub.co.id/_default_upload_bucket/image-thumb__441300__banner-detail-desktop/panduan-mpasi-untuk-cegah-alergi-si-kecil-nutriclub-desktop.webp,900,370,2.43,OK
https://www.nutriclub.co.id/artikel/imunitas/0-3-bulan/penyebab-alergi-pada-bayi,https://www.nutriclub.co.id/_default_upload_bucket/image-thumb__430588__banner-detail-desktop/penyebab-alergi-pada-bayi-nutriclub-desktop.webp,900,370,2.43,OK
https://www.nutriclub.co.id/artikel/imunitas/4-6-bulan/gangguan-nutrisi-dan-tumbuh-kembang-pada-bayi-alergi,https://www.nutriclub.co.id/articles/image/image-thumb__902__banner-detail-desktop/gangguan-nutrisi-dan-tumbuh-kembang-pada-bayi-alergi_large.webp,700,278,2.52,OK
https://www.nutriclub.co.id/artikel/kesehatan/menyusui/20-penyebab-berkurangnya-produksi-asi,https://www.nutriclub.co.id/_default_upload_bucket/image-thumb__259167__banner-detail-desktop/penyebab-berkurangnya-produksi-asi-nutriclub.webp,1400,320,4.38,OK
https://www.nutriclub.co.id/artikel/tips/untuk-mama/5-langkah-menyusui-si-kecil,https://www.nutriclub.co.id/articles/image/image-thumb__1007__banner-detail-desktop/5-langkah-menyusui-si-kecil_large.webp,700,278,2.52,OK
https://www.nutriclub.co.id/artikel/tumbuh-kembang/1-tahun/cara-merawat-si-kecil-usia-1-tahun,https://www.nutriclub.co.id/articles/image/image-thumb__1100__banner-detail-desktop/cara-merawat-si-kecil-usia-1-tahun_large.webp,700,278,2.52,OK
https://www.nutriclub.co.id/artikel/kesehatan/menyusui/agar-ibu-tetap-bugar-dan-sehat-saat-menyusui,https://www.nutriclub.co.id/articles/image/image-thumb__1091__banner-detail-desktop/agar-ibu-tetap-bugar-dan-sehat-saat-menyusui_large.webp,700,278,2.52,OK
https://www.nutriclub.co.id/artikel/nutrisi/menyusui/apakah-pola-makan-ibu-memengaruhi-asi,https://www.nutriclub.co.id/articles/image/image-thumb__630__banner-detail-desktop/apakah-pola-makan-ibu-memengaruhi-asi_large.webp,700,278,2.52,OK
https://www.nutriclub.co.id/artikel/kesehatan/persalinan-normal/aturan-berhubungan-intim-setelah-melahirkan,https://www.nutriclub.co.id/_default_upload_bucket/image-thumb__2140__banner-detail-desktop/aturan-berhubungan-intim-setelah-melahirkan.webp,500,199,2.51,OK
https://www.nutriclub.co.id/artikel/kesehatan/persalinan-normal/baby-blues-penyebab-dan-cara-mengatasinya,https://www.nutriclub.co.id/_default_upload_bucket/image-thumb__2093__banner-detail-desktop/baby-blues-penyebab-dan-cara-mengatasinya_1.webp,500,199,2.51,OK
https://www.nutriclub.co.id/artikel/nutrisi/menyusui/beda-kebutuhan-nutrisi-ibu-hamil-dan-nutrisi-ibu-menyusui,https://www.nutriclub.co.id/_default_upload_bucket/image-thumb__2081__banner-detail-desktop/beda-kebutuhan-nutrisi-ibu-hamil-dan-nutrisi-ibu-menyusui_1.webp,500,199,2.51,OK
https://www.nutriclub.co.id/artikel/tips/untuk-mama/biaya-operasi-caesar,https://www.nutriclub.co.id/articles/kehamilan/image-thumb__6120__banner-detail-desktop/biaya%20operasi%20caesar-desktop.webp,1349,370,3.65,OK
https://www.nutriclub.co.id/artikel/kesehatan/persalinan-normal/bila-ibu-harus-diinduksi,https://www.nutriclub.co.id/_default_upload_bucket/image-thumb__2197__banner-detail-desktop/bila-ibu-harus-diinduksi.webp,500,199,2.51,OK
https://www.nutriclub.co.id/artikel/nutrisi/trimester-1/7-nutrisi-kehamilan,https://www.nutriclub.co.id/articles/kehamilan/image-thumb__5824__banner-detail-desktop/makanan-nutrisi-saat-hamil.webp,700,463,1.51,OK
https://www.nutriclub.co.id/artikel/nutrisi/trimester-1/9-tips-untuk-mencukupi-kebutuhan-nutrisi-ibu-hamil,https://www.nutriclub.co.id/articles/image/image-thumb__69__banner-detail-desktop/9-tips-untuk-mencukupi-kebutuhan-nutrisi-ibu-hamil_large.webp,700,278,2.52,OK
https://www.nutriclub.co.id/artikel/kesehatan/menyusui/cara-memerah-asi-dan-menyimpan-asi,https://www.nutriclub.co.id/_default_upload_bucket/image-thumb__3455__banner-detail-desktop/depresi-pasca-melahirkan_700x278_.webp,700,278,2.52,OK
https://www.nutriclub.co.id/artikel/kesehatan/persalinan-normal/cara-mengatasi-baby-blues,https://www.nutriclub.co.id/articles/Prematur/image-thumb__3407__banner-detail-desktop/cara-mengatasi-baby-blues-pada-kelahiran-prematur_large.webp,700,278,2.52,OK
https://www.nutriclub.co.id/artikel/tips/untuk-mama/cara-mengelola-waktu-mama-baru,https://www.nutriclub.co.id/articles/new/image-thumb__5912__banner-detail-desktop/7%20Tips%20Mengelola%20Waktu%20bagi%20Mama%20Baru.webp,800,533,1.5,OK
https://www.nutriclub.co.id/artikel/nutrisi/trimester-1/cukupi-nutrisi-ini-selama-hamil-agar-si-kecil-terhindar-dari-alergi,https://www.nutriclub.co.id/articles/image/image-thumb__3547__banner-detail-desktop/Cukupi-Nutrisi-Ini-Selama-Hamil-agar-Si-Kecil-Terhindar-dari-Alergi-large.webp,1349,370,3.65,OK
https://www.nutriclub.co.id/artikel/kesehatan/menyusui/cara-mudah-agar-asi-berkualitas-dan-banyak,https://www.nutriclub.co.id/HIC/article/asi/image-thumb__5605__banner-detail-desktop/Agar%20ASI%20Berkualitas%20dan%20Banyak%2C%20Cek%207%20Cara%20Mudah%20Berikut%20Ini%21.webp,700,278,2.52,OK
https://www.nutriclub.co.id/artikel/imunitas/persalinan-caesar/dampak-operasi-caesar-terhadap-daya-tahan-tubuh-bayi,https://www.nutriclub.co.id/_default_upload_bucket/image-thumb__353473__banner-detail-desktop/dampak-operasi-caesar-terhadap-daya-tahan-tubuh-bayi-nutriclub-desktop.webp,1400,320,4.38,OK
https://www.nutriclub.co.id/artikel/kesehatan/persalinan-normal/depresi-pasca-melahirkan,https://www.nutriclub.co.id/articles/image/image-thumb__810__banner-detail-desktop/depresi-pasca-melahirkan_large.webp,700,278,2.52,OK
https://www.nutriclub.co.id/artikel/tips/untuk-mama/dukung-pemberian-asi-eksklusif-dengan-pompa-asi-yang-tepat,https://www.nutriclub.co.id/articles/image/image-thumb__917__banner-detail-desktop/dukung-pemberian-asi-eksklusif-dengan-pompa-asi-yang-tepat_large.webp,700,278,2.52,OK
https://www.nutriclub.co.id/artikel/kesehatan/persalinan-caesar/efek-samping-operasi-caesar-jangka-panjang,https://www.nutriclub.co.id/articles/new/image-thumb__6416__banner-detail-desktop/efek-jangka-panjang-caesar.webp,1200,445,2.7,OK
https://www.nutriclub.co.id/artikel/nutrisi/menyusui/fenugreek-tanaman-peningkat-produksi-asi,https://www.nutriclub.co.id/_default_upload_bucket/image-thumb__2084__banner-detail-desktop/fenugreek-tanaman-peningkat-produksi-asi_1.webp,500,199,2.51,OK
https://www.nutriclub.co.id/artikel/kesehatan/menyusui/hal-hal-yang-perlu-diperhatikan-saat-menyusui,https://www.nutriclub.co.id/articles/image/image-thumb__986__banner-detail-desktop/hal-hal-yang-perlu-diperhatikan-saat-menyusui_large.pjpeg,700,278,2.52,OK
https://www.nutriclub.co.id/artikel/kesehatan/menyusui/hamil-lagi-saat-menyusui-bolehkah,https://www.nutriclub.co.id/_default_upload_bucket/image-thumb__1897__banner-detail-desktop/hamil-lagi-saat-menyusui-bolehkah.pjpeg,700,278,2.52,OK
https://www.nutriclub.co.id/artikel/tips/untuk-mama/ibu-butuh-waktu-untuk-sendirian,https://www.nutriclub.co.id/articles/image/image-thumb__974__banner-detail-desktop/ibu-butuh-waktu-untuk-sendirian_large.webp,700,278,2.52,OK
https://www.nutriclub.co.id/artikel/kesehatan/menyusui/ibu-dan-masa-laktasi,https://www.nutriclub.co.id/_default_upload_bucket/image-thumb__1963__banner-detail-desktop/ibu-dan-masa-laktasi.webp,500,199,2.51,OK
https://www.nutriclub.co.id/artikel/kesehatan/persalinan-normal/informasi-lengkap-seputar-mastitis,https://www.nutriclub.co.id/articles/image/image-thumb__881__banner-detail-desktop/informasi-lengkap-seputar-mastitis_large.webp,700,278,2.52,OK
https://www.nutriclub.co.id/artikel/kesehatan/persalinan-caesar/informasi-persalinan-caesar,https://www.nutriclub.co.id/articles/kehamilan/image-thumb__5997__banner-detail-desktop/menghadapi-persalinan-caesar.webp,700,278,2.52,OK
https://www.nutriclub.co.id/artikel/kesehatan/menyusui/inisiasi-menyusui-dini-imd,https://www.nutriclub.co.id/articles/image/image-thumb__117__banner-detail-desktop/inisiasi-menyusui-dini-imd_large.webp,700,278,2.52,OK
https://www.nutriclub.co.id/artikel/kesehatan/persalinan-caesar/jika-ibu-harus-melahirkan-lewat-bedah-caesar,https://www.nutriclub.co.id/articles/image/image-thumb__378__banner-detail-desktop/jika-ibu-harus-melahirkan-lewat-bedah-caesar_large.webp,700,278,2.52,OK
https://www.nutriclub.co.id/artikel/tips/untuk-mama/kembali-langsing-setelah-melahirkan,https://www.nutriclub.co.id/articles/image/image-thumb__1088__banner-detail-desktop/kembali-langsing-setelah-melahirkan_large.webp,700,278,2.52,OK
https://www.nutriclub.co.id/artikel/kesehatan/persalinan-normal/kenali-induksi-pada-persalinan,https://www.nutriclub.co.id/articles/image/image-thumb__96__banner-detail-desktop/kenali-induksi-pada-persalinan_large.webp,700,278,2.52,OK
https://www.nutriclub.co.id/artikel/tips/untuk-mama/ketika-ibu-berada-di-rumah-sakit-bersalin,https://www.nutriclub.co.id/articles/image/image-thumb__147__banner-detail-desktop/ketika-ibu-berada-di-rumah-sakit-bersalin_large.webp,700,278,2.52,OK
https://www.nutriclub.co.id/artikel/nutrisi/menyusui/komposisi-asi,https://www.nutriclub.co.id/articles/image/image-thumb__645__banner-detail-desktop/komposisi-asi_large.webp,700,278,2.52,OK
https://www.nutriclub.co.id/artikel/kesehatan/persalinan-caesar/lebih-dekat-mengenal-c-section,https://www.nutriclub.co.id/_default_upload_bucket/image-thumb__1967__banner-detail-desktop/lebih-dekat-mengenal-c-section.webp,500,199,2.51,OK
https://www.nutriclub.co.id/artikel/tips/untuk-mama/libatkan-suami-ketika-ibu-menyusui-si-kecil,https://www.nutriclub.co.id/articles/image/image-thumb__669__banner-detail-desktop/libatkan-suami-ketika-ibu-menyusui-si-kecil_large.pjpeg,700,278,2.52,OK
https://www.nutriclub.co.id/artikel/kesehatan/persalinan-caesar/luka-operasi-caesar,https://www.nutriclub.co.id/articles/kehamilan/image-thumb__6549__banner-detail-desktop/luka-operasi-caesar-desktop.webp,1200,445,2.7,OK
https://www.nutriclub.co.id/artikel/nutrisi/menyusui/makanan-sehat-untuk-ibu-yang-menyusui,https://www.nutriclub.co.id/articles/image/image-thumb__612__banner-detail-desktop/makanan-sehat-untuk-ibu-yang-menyusui_large.webp,700,278,2.52,OK
https://www.nutriclub.co.id/artikel/nutrisi/menyusui/manfaat-daun-katuk-untuk-ibu-menyusui,https://www.nutriclub.co.id/_default_upload_bucket/image-thumb__300902__banner-detail-desktop/manfaat-daun-katuk-untuk-ibu-menyusui.webp,1200,445,2.7,OK
https://www.nutriclub.co.id/artikel/tips/untuk-mama/manfaat-memberi-asi-dengan-sendok,https://www.nutriclub.co.id/_default_upload_bucket/image-thumb__2099__banner-detail-desktop/manfaat-memberi-asi-dengan-sendok_1.webp,500,199,2.51,OK
https://www.nutriclub.co.id/artikel/kesehatan/menyusui/masalah-saat-menyusui,https://www.nutriclub.co.id/articles/image/image-thumb__606__banner-detail-desktop/masalah-saat-menyusui_large.webp,700,278,2.52,OK
https://www.nutriclub.co.id/artikel/kesehatan/menyusui/mekanisme-keluarnya-asi,https://www.nutriclub.co.id/articles/image/image-thumb__962__banner-detail-desktop/mekanisme-keluarnya-asi_large.webp,700,278,2.52,OK
https://www.nutriclub.co.id/artikel/kesehatan/persalinan-caesar/melahirkan-operasi-caesar-sekaligus-steril,https://www.nutriclub.co.id/articles/kehamilan/image-thumb__6543__banner-detail-desktop/melahirkan-operasi-caesar-sekaligus-steril-desktop.webp,1200,445,2.7,OK
https://www.nutriclub.co.id/artikel/kesehatan/menyusui/memahami-pentingnya-inisiasi-menyusui-dini-imd,https://www.nutriclub.co.id/_default_upload_bucket/image-thumb__2075__banner-detail-desktop/imd-l_1.webp,500,199,2.51,OK
https://www.nutriclub.co.id/artikel/nutrisi/menyusui/memilih-konsumsi-vitamin-untuk-ibu-menyusui,https://www.nutriclub.co.id/articles/image/image-thumb__705__banner-detail-desktop/memilih-konsumsi-vitamin-untuk-ibu-menyusui_large.webp,700,278,2.52,OK
https://www.nutriclub.co.id/artikel/tips/untuk-mama/memilih-pendamping-saat-melahirkan,https://www.nutriclub.co.id/articles/image/image-thumb__126__banner-detail-desktop/memilih-pendamping-saat-melahirkan_large.webp,700,278,2.52,OK
https://www.nutriclub.co.id/artikel/kesehatan/persalinan-normal/memilih-penghilang-rasa-sakit-saat-melahirkan,https://www.nutriclub.co.id/articles/image/image-thumb__108__banner-detail-desktop/memilih-penghilang-rasa-sakit-saat-melahirkan_large.webp,700,278,2.52,OK
https://www.nutriclub.co.id/artikel/kesehatan/persalinan-caesar/memilih-persalinan-caesar,https://www.nutriclub.co.id/articles/kehamilan/image-thumb__5998__banner-detail-desktop/memilih-persalinan-caesar.webp,700,278,2.52,OK
https://www.nutriclub.co.id/artikel/nutrisi/menyusui/memperhitungkan-konsumsi-asi-si-kecil,https://www.nutriclub.co.id/_default_upload_bucket/image-thumb__2022__banner-detail-desktop/memperhitungkan-konsumsi-asi-si-kecil.webp,500,199,2.51,OK
https://www.nutriclub.co.id/artikel/tips/untuk-mama/memperkenalkan-si-kecil-pada-asi-dalam-botol,https://www.nutriclub.co.id/_default_upload_bucket/image-thumb__2072__banner-detail-desktop/memperkenalkan-si-kecil-pada-asi-dalam-botol2.webp,500,199,2.51,OK
https://www.nutriclub.co.id/artikel/kesehatan/menyusui/mengajarkan-teknik-latch-on-pada-bayi,https://www.nutriclub.co.id/_default_upload_bucket/image-thumb__2038__banner-detail-desktop/mengajarkan-teknik-latch-on-pada-bayi.webp,500,199,2.51,OK
https://www.nutriclub.co.id/artikel/nutrisi/menyusui/mengapa-ibu-harus-memberikan-asi,https://www.nutriclub.co.id/articles/image/image-thumb__672__banner-detail-desktop/mengapa-ibu-harus-memberikan-asi_large.webp,700,278,2.52,OK
https://www.nutriclub.co.id/artikel/kesehatan/menyusui/mengatasi-hiperlaktasi,https://www.nutriclub.co.id/_default_upload_bucket/image-thumb__2054__banner-detail-desktop/mengatasi-hiperlaktasi_1.webp,500,199,2.51,OK
https://www.nutriclub.co.id/artikel/kesehatan/persalinan-normal/mengatasi-stress-sebelum-melahirkan,https://www.nutriclub.co.id/_default_upload_bucket/image-thumb__2173__banner-detail-desktop/mengatasi-stres-sebelum-melahirkan.webp,500,199,2.51,OK
https://www.nutriclub.co.id/artikel/nutrisi/trimester-2/gizi-ibu-untuk-tumbuh-kembang-si-kecil,https://www.nutriclub.co.id/articles/image/image-thumb__45__banner-detail-desktop/gizi-ibu-untuk-tumbuh-kembang-si-kecil_large.webp,700,278,2.52,OK
https://www.nutriclub.co.id/artikel/kesehatan/persalinan-normal/mengenal-obat-penghilang-rasa-sakit-saat-melahirkan,https://www.nutriclub.co.id/_default_upload_bucket/image-thumb__1983__banner-detail-desktop/mengenal-obat-penghilang-rasa-sakit-saat-melahirkan.webp,500,199,2.51,OK
https://www.nutriclub.co.id/artikel/kesehatan/persalinan-normal/mengenal-sindrom-baby-blues,https://www.nutriclub.co.id/articles/image/image-thumb__807__banner-detail-desktop/mengenal-sindrom-baby-blues_large.webp,700,278,2.52,OK
https://www.nutriclub.co.id/artikel/nutrisi/menyusui/meningkatkan-supply-asi-yang-menurun,https://www.nutriclub.co.id/_default_upload_bucket/image-thumb__2096__banner-detail-desktop/meningkatkan-supply-asi-yang-menurun_1.webp,500,199,2.51,OK
https://www.nutriclub.co.id/artikel/tips/untuk-mama/menyusui-bisa-membantu-ibu-langsing-kembali,https://www.nutriclub.co.id/articles/image/image-thumb__633__banner-detail-desktop/menyusui-bisa-membantu-ibu-langsing-kembali_large.webp,700,278,2.52,OK
https://www.nutriclub.co.id/artikel/nutrisi/menyusui/menyusui-si-kecil-prematur,https://www.nutriclub.co.id/articles/image/image-thumb__678__banner-detail-desktop/menyusui-si-kecil-prematur_large.webp,700,278,2.52,OK
https://www.nutriclub.co.id/artikel/tips/untuk-mama/merasa-kurang-siap-menjadi-ibu,https://www.nutriclub.co.id/articles/image/image-thumb__813__banner-detail-desktop/merasa-kurang-siap-menjadi-ibu_large.webp,700,278,2.52,OK
https://www.nutriclub.co.id/artikel/tips/untuk-mama/merawat-diri-setelah-melahirkan,https://www.nutriclub.co.id/_default_upload_bucket/image-thumb__259163__banner-detail-desktop/merawat-diri-setelah-melahirkan-nutriclub.webp,1400,320,4.38,OK
https://www.nutriclub.co.id/artikel/kesehatan/menyusui/merawat-payudara-selama-kehamilan-dan-menyusui,https://www.nutriclub.co.id/_default_upload_bucket/image-thumb__2018__banner-detail-desktop/merawat-payudara-selama-kehamilan-dan-menyusui.webp,500,199,2.51,OK
https://www.nutriclub.co.id/artikel/kesehatan/menyusui/metode-perlekatan-untuk-menyusui,https://www.nutriclub.co.id/articles/image/image-thumb__989__banner-detail-desktop/metode-perlekatan-untuk-menyusui_large.webp,700,278,2.52,OK
https://www.nutriclub.co.id/artikel/nutrisi/menyusui/mitos-vs-fakta-pantangan-makan-bagi-ibu-menyusui,https://www.nutriclub.co.id/articles/image/image-thumb__1049__banner-detail-desktop/mitos-vs-fakta-pantangan-makan-bagi-ibu-menyusui_large.webp,700,278,2.52,OK
https://www.nutriclub.co.id/artikel/kesehatan/persalinan-normal/nifas-saat-melahirkan,https://www.nutriclub.co.id/articles/image/image-thumb__777__banner-detail-desktop/nifas-saat-melahirkan_large.webp,700,278,2.52,OK
https://www.nutriclub.co.id/artikel/kesehatan/persalinan-caesar/operasi-caesar-kedua,https://www.nutriclub.co.id/articles/kehamilan/image-thumb__6397__banner-detail-desktop/operasi-caesar-kedua.webp,1200,445,2.7,OK
https://www.nutriclub.co.id/artikel/tips/untuk-mama/panduan-cara-memerah-asi,https://www.nutriclub.co.id/articles/image/image-thumb__690__banner-detail-desktop/panduan-cara-memerah-asi_large.webp,700,278,2.52,OK
https://www.nutriclub.co.id/artikel/kesehatan/persalinan-caesar/pasca-operasi-caesar,https://www.nutriclub.co.id/_default_upload_bucket/image-thumb__438991__banner-detail-desktop/setelah-operasi-caesar.webp,1200,445,2.7,OK
https://www.nutriclub.co.id/artikel/kesehatan/menyusui/pengaruh-kontrasepsi-terhadap-asi,https://www.nutriclub.co.id/articles/image/image-thumb__780__banner-detail-desktop/pengaruh-kontrasepsi-terhadap-asi_large.webp,700,278,2.52,OK
https://www.nutriclub.co.id/artikel/kesehatan/persalinan-caesar/pengaruh-operasi-caesar-pada-daya-tahan-tubuh-bayi,https://www.nutriclub.co.id/articles/kehamilan/image-thumb__6000__banner-detail-desktop/efek-operasi-caesar.webp,700,278,2.52,OK
https://www.nutriclub.co.id/artikel/tips/untuk-mama/pentingnya-ibu-menyusui-bebas-dari-stres,https://www.nutriclub.co.id/_default_upload_bucket/image-thumb__2034__banner-detail-desktop/pentingnya-ibu-menyusui-bebas-dari-stres.webp,500,199,2.51,OK
https://www.nutriclub.co.id/artikel/nutrisi/menyusui/pentingnya-susu-untuk-ibu-menyusui,https://www.nutriclub.co.id/_default_upload_bucket/image-thumb__2087__banner-detail-desktop/pentingnya-susu-untuk-ibu-menyusui_1.webp,500,199,2.51,OK
https://www.nutriclub.co.id/artikel/tips/untuk-mama/penyapihan-kapan-dan-bagaimana,https://www.nutriclub.co.id/_default_upload_bucket/image-thumb__2057__banner-detail-desktop/penyapihan-kapan-dan-bagaimana_1.webp,500,199,2.51,OK
https://www.nutriclub.co.id/artikel/kesehatan/persalinan-caesar/penyebab-perut-buncit-setelah-melahirkan-caesar,https://www.nutriclub.co.id/articles/kehamilan/image-thumb__6546__banner-detail-desktop/perut-buncit-setelah-caesar.webp,1200,445,2.7,OK
https://www.nutriclub.co.id/artikel/kesehatan/menyusui/perawatan-kinerja-kebersihan-breast-pump,https://www.nutriclub.co.id/_default_upload_bucket/image-thumb__2050__banner-detail-desktop/perawatan-kinerja-kebersihan-breast-pump_1.webp,500,199,2.51,OK
https://www.nutriclub.co.id/artikel/kesehatan/persalinan-caesar/perawatan-setelah-operasi-caesar,https://www.nutriclub.co.id/_default_upload_bucket/image-thumb__438990__banner-detail-desktop/perawatan-setelah-caesar_2.webp,1200,445,2.7,OK
https://www.nutriclub.co.id/artikel/kesehatan/persalinan-caesar/perbedaan-bayi-lahir-normal-dan-caesar,https://www.nutriclub.co.id/articles/kehamilan/image-thumb__5999__banner-detail-desktop/perbedaan-lahir-caesar-dan-prematur.webp,700,278,2.52,OK
https://www.nutriclub.co.id/artikel/tips/untuk-mama/perlukah-alat-kontrasepsi-ketika-masih-menyusui,https://www.nutriclub.co.id/articles/image/image-thumb__786__banner-detail-desktop/perlukah-alat-kontrasepsi-ketika-masih-menyusui_large.webp,700,278,2.52,OK
https://www.nutriclub.co.id/artikel/tips/untuk-mama/persiapan-sebelum-menyusui,https://www.nutriclub.co.id/articles/image/image-thumb__992__banner-detail-desktop/persiapan-sebelum-menyusui_large.webp,700,278,2.52,OK
https://www.nutriclub.co.id/artikel/tips/untuk-mama/persiapan-untuk-ibu-yang-akan-melahirkan-caesar,https://www.nutriclub.co.id/_default_upload_bucket/image-thumb__2134__banner-detail-desktop/persiapan-untuk-ibu-yang-akan-melahirkan-caesar.webp,500,199,2.51,OK
https://www.nutriclub.co.id/artikel/tips/untuk-mama/pertanyaan-seputar-menyusui,https://www.nutriclub.co.id/articles/image/image-thumb__603__banner-detail-desktop/pertanyaan-seputar-menyusui_large.webp,700,278,2.52,OK
https://www.nutriclub.co.id/artikel/kesehatan/persalinan-normal/perubahan-emosi-pasca-melahirkan,https://www.nutriclub.co.id/_default_upload_bucket/image-thumb__1924__banner-detail-desktop/menyiasati-perubahan-emosi-pasca-melahirkan-dan-selama-menyusui%20%281%29.webp,500,199,2.51,OK
https://www.nutriclub.co.id/artikel/kesehatan/menyusui/pijat-laktasi-untuk-memperlancar-asi,https://www.nutriclub.co.id/_default_upload_bucket/image-thumb__257858__banner-detail-desktop/pijat-laktasi-untuk-memperlancar-asi-nutriclub.webp,1400,320,4.38,OK
https://www.nutriclub.co.id/artikel/tips/untuk-mama/posisi-terbaik-untuk-menyusui,https://www.nutriclub.co.id/articles/image/image-thumb__932__banner-detail-desktop/posisi-terbaik-untuk-menyusui_large.webp,700,278,2.52,OK
https://www.nutriclub.co.id/artikel/kesehatan/menyusui/puting-lecet-pada-ibu-menyusui,https://www.nutriclub.co.id/_default_upload_bucket/image-thumb__2069__banner-detail-desktop/puting-lecet-pada-ibu-menyusui_1.webp,500,199,2.51,OK
https://www.nutriclub.co.id/artikel/tips/untuk-mama/saat-si-kecil-menolak-asi,https://www.nutriclub.co.id/articles/image/image-thumb__947__banner-detail-desktop/saat-si-kecil-menolak-asi_large.webp,700,278,2.52,OK
https://www.nutriclub.co.id/artikel/kesehatan/menyusui/seberapa-sering-ibu-harus-menyusui,https://www.nutriclub.co.id/articles/image/image-thumb__648__banner-detail-desktop/seberapa-sering-ibu-harus-menyusui_large.webp,700,278,2.52,OK
https://www.nutriclub.co.id/artikel/tips/untuk-mama/sharing-permulaan-pengalaman-menyusui-ibu-nadia-mulya-the-beginning-of-my-breastfeeding-journey,https://www.nutriclub.co.id/_default_upload_bucket/image-thumb__2025__banner-detail-desktop/sharing-permulaan-pengalaman-menyusui-ibu-nadia-mulya-the-beginning-of-my-breastfeeding-journey.webp,500,199,2.51,OK
https://www.nutriclub.co.id/artikel/tips/untuk-mama/si-kecil-meminta-asi-di-malam-hari,https://www.nutriclub.co.id/articles/image/image-thumb__660__banner-detail-desktop/si-kecil-meminta-asi-di-malam-hari_large.webp,700,278,2.52,OK
https://www.nutriclub.co.id/artikel/tips/untuk-mama/suami-merasa-kurang-diperhatikan-ibu,https://www.nutriclub.co.id/articles/image/image-thumb__980__banner-detail-desktop/suami-merasa-kurang-diperhatikan-ibu_large.webp,700,278,2.52,OK
https://www.nutriclub.co.id/artikel/tips/untuk-mama/tahap-tahap-persalinan,https://www.nutriclub.co.id/articles/image/image-thumb__90__banner-detail-desktop/tahap-tahap-persalinan_large.webp,700,278,2.52,OK
https://www.nutriclub.co.id/artikel/kesehatan/persalinan-caesar/tanda-luka-operasi-caesar-sembuh,https://www.nutriclub.co.id/_default_upload_bucket/image-thumb__7139__banner-detail-desktop/7.%20Desktop%201400x320.webp,1400,320,4.38,OK
https://www.nutriclub.co.id/artikel/nutrisi/menyusui/tetap-asi-eksklusif-dengan-memompa-asi,https://www.nutriclub.co.id/_default_upload_bucket/image-thumb__2066__banner-detail-desktop/tetap-asi-eksklusif-dengan-memompa-asi_1.webp,500,199,2.51,OK
https://www.nutriclub.co.id/artikel/nutrisi/menyusui/tetap-menyusui-bagi-ibu-bekerja,https://www.nutriclub.co.id/articles/image/image-thumb__929__banner-detail-desktop/tetap-menyusui-bagi-ibu-bekerja_large.webp,700,278,2.52,OK
https://www.nutriclub.co.id/artikel/nutrisi/menyusui/tingkatkan-kualitas-air-susu-ibu,https://www.nutriclub.co.id/articles/image/image-thumb__600__banner-detail-desktop/tingkatkan-kualitas-air-susu-ibu_large.webp,700,278,2.52,OK
https://www.nutriclub.co.id/artikel/tips/untuk-mama/tips-berpuasa-di-masa-menyusui,https://www.nutriclub.co.id/articles/image/image-thumb__696__banner-detail-desktop/tips-berpuasa-di-masa-menyusui_large.webp,700,278,2.52,OK
https://www.nutriclub.co.id/artikel/nutrisi/menyusui/tips-diet-sehat-untuk-ibu-menyusui,https://www.nutriclub.co.id/articles/image/image-thumb__708__banner-detail-desktop/tips-diet-sehat-untuk-ibu-menyusui_large.webp,700,278,2.52,OK
https://www.nutriclub.co.id/artikel/tips/untuk-mama/tips-membuat-nursing-apron-sendiri,https://www.nutriclub.co.id/_default_upload_bucket/image-thumb__2044__banner-detail-desktop/tips-membuat-nursing-apron-sendiri.webp,500,199,2.51,OK
https://www.nutriclub.co.id/artikel/tips/untuk-mama/tips-menghadapi-operasi-caesar,https://www.nutriclub.co.id/_default_upload_bucket/image-thumb__2149__banner-detail-desktop/tips-menghadapi-operasi-caesar.webp,500,199,2.51,OK
https://www.nutriclub.co.id/artikel/kesehatan/persalinan-caesar/tips-pemulihan-luka-jahit-persalinan,https://www.nutriclub.co.id/_default_upload_bucket/image-thumb__470502__banner-detail-desktop/tips-pemulihan-luka-jahit-persalinan-NUTRICLUB-DESKTOP.webp,900,370,2.43,OK
https://www.nutriclub.co.id/artikel/tips/untuk-mama/tips-untuk-produksi-asi-lancar,https://www.nutriclub.co.id/articles/image/image-thumb__681__banner-detail-desktop/tips-untuk-produksi-asi-lancar_large.webp,700,278,2.52,OK
https://www.nutriclub.co.id/artikel/tips/untuk-mama/waktu-paling-tepat-ibu-ke-rumah-sakit,https://www.nutriclub.co.id/articles/image/image-thumb__390__banner-detail-desktop/waktu-paling-tepat-ibu-ke-rumah-sakit-untuk-melahirkan_large.webp,700,278,2.52,OK
https://www.nutriclub.co.id/artikel/tips/untuk-mama/yang-perlu-dibawa-saat-persalinan,https://www.nutriclub.co.id/_default_upload_bucket/image-thumb__259535__banner-detail-desktop/perlengkapan-melahirkan-nutriclub.webp,1400,320,4.38,OK
https://www.nutriclub.co.id/artikel/tips/untuk-mama/10-kesalahan-utama-saat-berusaha-hamil,https://www.nutriclub.co.id/_default_upload_bucket/image-thumb__2146__banner-detail-desktop/10-kesalahan-utama-saat-berusaha-hamil.webp,500,199,2.51,OK
https://www.nutriclub.co.id/artikel/kesehatan/trimester-1/10-tanda-bahaya-saat-berolahraga,https://www.nutriclub.co.id/articles/image/image-thumb__84__banner-detail-desktop/10-tanda-bahaya-saat-berolahraga-di-masa-kehamilan_large.webp,700,278,2.52,OK
https://www.nutriclub.co.id/artikel/nutrisi/trimester-1/4-manfaat-susu-hamil,https://www.nutriclub.co.id/_default_upload_bucket/image-thumb__1872__banner-detail-desktop/4-manfaat-susu-hamil.webp,700,278,2.52,OK
https://www.nutriclub.co.id/artikel/kesehatan/trimester-1/4-masalah-kehamilan,https://www.nutriclub.co.id/_default_upload_bucket/image-thumb__2203__banner-detail-desktop/masalah-kehamilan-l.webp,500,199,2.51,OK
https://www.nutriclub.co.id/artikel/kesehatan/trimester-1/5-gejala-umum-kehamilan-trimester-pertama-dan-cara-mengatasinya,https://www.nutriclub.co.id/_default_upload_bucket/image-thumb__1970__banner-detail-desktop/5-gejala-umum-kehamilan-trimester-pertama-dan-cara-mengatasinya.webp,500,199,2.51,OK
https://www.nutriclub.co.id/artikel/tips/untuk-mama/5-ketakutan-umum-yang-dialami-ibu-hamil-dan-cara-mengatasinya,https://www.nutriclub.co.id/articles/image/image-thumb__471__banner-detail-desktop/5-ketakutan-umum-yang-dialami-ibu-hamil-dan-cara-mengatasinya_large.webp,700,278,2.52,OK
https://www.nutriclub.co.id/artikel/nutrisi/trimester-1/5-manfaat-lactamil-untuk-kehamilan-pertama-ibu,https://www.nutriclub.co.id/_default_upload_bucket/image-thumb__1863__banner-detail-desktop/5-manfaat-lactamil-untuk-kehamilan-pertama-ibu.webp,700,278,2.52,OK
https://www.nutriclub.co.id/artikel/nutrisi/trimester-1/6-manfaat-kacang-kacangan-untuk-ibu-dan-janin,https://www.nutriclub.co.id/_default_upload_bucket/image-thumb__1860__banner-detail-desktop/6-manfaat-kacang-kacangan-untuk-ibu-dan-janin.webp,700,278,2.52,OK
https://www.nutriclub.co.id/artikel/kesehatan/trimester-1/7-ciri-hamil-anak-kedua,https://www.nutriclub.co.id/_default_upload_bucket/image-thumb__6974__banner-detail-desktop/Desktop-1349x370%20%285%29.webp,1349,370,3.65,OK
https://www.nutriclub.co.id/artikel/tips/untuk-mama/7-hal-yang-perlu-diperhatikan-saat-merencanakan-kehamilan,https://www.nutriclub.co.id/_default_upload_bucket/image-thumb__1900__banner-detail-desktop/7-hal-yang-perlu-diperhatikan-saat-merencanakan-kehamilan.webp,700,278,2.52,OK
https://www.nutriclub.co.id/artikel/nutrisi/trimester-1/melengkapi-kebutuhan-nutrisi-mama-di-masa-kehamilan,https://www.nutriclub.co.id/articles/kehamilan/Melengkapi%20Kebutuhan%20Nutrisi%20Mama%20di%20Masa%20Kehamilan/updatenew/image-thumb__4414__banner-detail-desktop/Desktop1349x370.webp,1349,370,3.65,OK
https://www.nutriclub.co.id/artikel/kesehatan/trimester-1/7-tips-mama-hamil-untuk-mencegah-penularan,https://www.nutriclub.co.id/_default_upload_bucket/image-thumb__2489__banner-detail-desktop/1-Desktop-1349x370.webp,1349,370,3.65,OK
https://www.nutriclub.co.id/artikel/kesehatan/trimester-1/7-tips-mengurangi-mual-muntah-di-awal-kehamilan,https://www.nutriclub.co.id/_default_upload_bucket/image-thumb__1976__banner-detail-desktop/7-tips-mengurangi-mual-muntah-di-awal-kehamilan.webp,500,199,2.51,OK
https://www.nutriclub.co.id/artikel/tips/untuk-mama/9-langkah-menuju-kehamilan,https://www.nutriclub.co.id/_default_upload_bucket/image-thumb__1921__banner-detail-desktop/9-langkah-berpikir-positif-menuju-kehamilan.webp,500,199,2.51,OK
https://www.nutriclub.co.id/artikel/nutrisi/trimester-1/nutrisi-penting-untuk-persiapan-kehamilan,https://www.nutriclub.co.id/_default_upload_bucket/image-thumb__2128__banner-detail-desktop/nutrisi-penting-untuk-persiapan-kehamilan.webp,500,199,2.51,OK
https://www.nutriclub.co.id/artikel/kesehatan/trimester-1/aca-atau-aps-penyebab-keguguran-berulang,https://www.nutriclub.co.id/_default_upload_bucket/image-thumb__1957__banner-detail-desktop/aca-atau-aps-penyebab-keguguran-berulang.webp,500,199,2.51,OK
https://www.nutriclub.co.id/artikel/nutrisi/trimester-1/alpukat-untuk-ibu-hamil,https://www.nutriclub.co.id/_default_upload_bucket/image-thumb__300775__banner-detail-desktop/alpukat-untuk-ibu-hamil.webp,1200,445,2.7,OK
https://www.nutriclub.co.id/artikel/kesehatan/trimester-1/anemia-pada-ibu-hamil,https://www.nutriclub.co.id/articles/image/image-thumb__414__banner-detail-desktop/anemia-pada-ibu-hamil_large.webp,700,278,2.52,OK
https://www.nutriclub.co.id/artikel/kesehatan/trimester-1/apa-itu-ovulasi,https://www.nutriclub.co.id/articles/new/image-thumb__5898__banner-detail-desktop/waktu%20ovulasi.webp,800,534,1.5,OK
https://www.nutriclub.co.id/artikel/tips/untuk-mama/apakah-ukuran-berpengaruh,https://www.nutriclub.co.id/_default_upload_bucket/image-thumb__2167__banner-detail-desktop/apakah-ukuran-berpengaruh.webp,500,199,2.51,OK
https://www.nutriclub.co.id/artikel/tumbuh-kembang/trimester-1/bentuk-perut-ibu-hamil-1-minggu,https://www.nutriclub.co.id/articles/kehamilan/image-thumb__6174__banner-detail-desktop/bentuk%20perut%20ibu%20hamil%201%20minggu-desktop.webp,1349,370,3.65,OK
https://www.nutriclub.co.id/artikel/nutrisi/trimester-1/buah-yang-mengandung-asam-folat,https://www.nutriclub.co.id/articles/kehamilan/image-thumb__6483__banner-detail-desktop/buah-yang-mengandung-asam-folat.pjpeg,1200,445,2.7,OK
https://www.nutriclub.co.id/artikel/imunitas/trimester-1/cara-meningkatkan-imun-tubuh-ibu,https://www.nutriclub.co.id/articles/image/image-thumb__30__banner-detail-desktop/tingkatkan-imunitas-tubuh-di-masa-kehamilan_large.webp,700,278,2.52,OK
https://www.nutriclub.co.id/artikel/kesehatan/trimester-1/cara-program-hamil-anak-laki-laki,https://www.nutriclub.co.id/_default_upload_bucket/image-thumb__7151__banner-detail-desktop/12.%20Desktop%20Size.webp,1400,320,4.38,OK
https://www.nutriclub.co.id/artikel/kesehatan/trimester-1/cara-untuk-menghitung-masa-subur,https://www.nutriclub.co.id/articles/image/image-thumb__174__banner-detail-desktop/tips-cepat-hamil-cara-untuk-menghitung-masa-subur_large.webp,700,278,2.52,OK
https://www.nutriclub.co.id/artikel/kesehatan/trimester-1/cegah-risiko-terjadinya-autisme,https://www.nutriclub.co.id/articles/image/image-thumb__447__banner-detail-desktop/cegah-risiko-terjadinya-autisme-sejak-masa-kehamilan_large.webp,700,278,2.52,OK
https://www.nutriclub.co.id/artikel/tumbuh-kembang/trimester-1/ciri-ciri-hamil-bayi-laki-laki-dan-perempuan,https://www.nutriclub.co.id/_default_upload_bucket/image-thumb__2170__banner-detail-desktop/ciri-hamil-bayi-laki-perempuan-copy.webp,500,199,2.51,OK
https://www.nutriclub.co.id/artikel/nutrisi/trimester-2/kandungan-nutrisi-pada-susu-penting-untuk-janin,https://www.nutriclub.co.id/_default_upload_bucket/image-thumb__1857__banner-detail-desktop/kandungan-nutrisi-pada-susu-penting-untuk-janin.webp,500,199,2.51,OK
https://www.nutriclub.co.id/artikel/kesehatan/trimester-1/deteksi-dini-terjadinya-pembuahan,https://www.nutriclub.co.id/_default_upload_bucket/image-thumb__2158__banner-detail-desktop/deteksi-dini-terjadinya-pembuahan-copy.webp,500,199,2.51,OK
https://www.nutriclub.co.id/artikel/tips/untuk-mama/fakta-dan-mitos-tentang-proses-pembuahan,https://www.nutriclub.co.id/_default_upload_bucket/image-thumb__2164__banner-detail-desktop/fakta-dan-mitos-tentang-proses-pembuahan.webp,500,199,2.51,OK
https://www.nutriclub.co.id/artikel/kesehatan/trimester-1/gangguan-nyeri-payudara-saat-hamil,https://www.nutriclub.co.id/articles/image/image-thumb__351__banner-detail-desktop/gangguan-nyeri-payudara-saat-hamil_large.webp,700,278,2.52,OK
https://www.nutriclub.co.id/artikel/tips/untuk-mama/great-mama-comes-with-great-preparation,https://www.nutriclub.co.id/_default_upload_bucket/image-thumb__2009__banner-detail-desktop/main-image-large-min.webp,500,208,2.4,OK
https://www.nutriclub.co.id/artikel/kesehatan/trimester-1/hamil-setelah-divonis-endometriosis,https://www.nutriclub.co.id/_default_upload_bucket/image-thumb__1973__banner-detail-desktop/hamil-setelah-divonis-endometriosis.webp,500,199,2.51,OK
https://www.nutriclub.co.id/artikel/tumbuh-kembang/trimester-1/hamil-trimester-1,https://www.nutriclub.co.id/_default_upload_bucket/image-thumb__28513__banner-detail-desktop/shutterstock_2147138251%20%281%29.pjpeg,1000,229,4.37,OK
https://www.nutriclub.co.id/artikel/tumbuh-kembang/trimester-1/hari-perkiraan-lahir,https://www.nutriclub.co.id/articles/new/image-thumb__6525__banner-detail-desktop/hari-perkiraan-lahir.webp,1200,445,2.7,OK
